"Date Time","T (degC)"
01.07.2016 00:00:00,17.45166651
01.07.2016 01:00:00,16.4283336
01.07.2016 02:00:00,15.73666668
01.07.2016 03:00:00,15.00499996
01.07.2016 04:00:00,14.90833346
01.07.2016 05:00:00,16.53166676
01.07.2016 06:00:00,18.09999975
01.07.2016 07:00:00,20.43166669
01.07.2016 08:00:00,21.49999968
01.07.2016 09:00:00,22.28666687
01.07.2016 10:00:00,23.2516667
01.07.2016 11:00:00,23.80333328
01.07.2016 12:00:00,24.4483331
01.07.2016 13:00:00,25.18833319
01.07.2016 14:00:00,25.15833346
01.07.2016 15:00:00,25.55333328
01.07.2016 16:00:00,25.95333322
01.07.2016 17:00:00,26.30166658
01.07.2016 18:00:00,26.00666682
01.07.2016 19:00:00,24.33666674
01.07.2016 20:00:00,22.20166715
01.07.2016 21:00:00,20.6266667
01.07.2016 22:00:00,19.57000001
01.07.2016 23:00:00,19.01166662
02.07.2016 00:00:00,18.16666635
02.07.2016 01:00:00,17.44333331
02.07.2016 02:00:00,16.58166695
02.07.2016 03:00:00,15.84833336
02.07.2016 04:00:00,16.42166678
02.07.2016 05:00:00,17.27000014
02.07.2016 06:00:00,17.92500019
02.07.2016 07:00:00,20.14166641
02.07.2016 08:00:00,21.6266667
02.07.2016 09:00:00,21.5533336
02.07.2016 10:00:00,20.77166684
02.07.2016 11:00:00,16.70333322
02.07.2016 12:00:00,17.86833286
02.07.2016 13:00:00,16.10833327
02.07.2016 14:00:00,14.99166679
02.07.2016 15:00:00,14.43666649
02.07.2016 16:00:00,15.21833324
02.07.2016 17:00:00,17.60000006
02.07.2016 18:00:00,18.06166681
02.07.2016 19:00:00,16.66166655
02.07.2016 20:00:00,15.74833345
02.07.2016 21:00:00,14.63833332
02.07.2016 22:00:00,13.74666659
02.07.2016 23:00:00,12.85166661
03.07.2016 00:00:00,12.70833333
03.07.2016 01:00:00,11.94499985
03.07.2016 02:00:00,11.49500004
03.07.2016 03:00:00,10.31166665
03.07.2016 04:00:00,9.478333314
03.07.2016 05:00:00,10.18499978
03.07.2016 06:00:00,11.90499989
03.07.2016 07:00:00,13.58166663
03.07.2016 08:00:00,15.75666682
03.07.2016 09:00:00,17.24166679
03.07.2016 10:00:00,17.3733333
03.07.2016 11:00:00,18.00166702
03.07.2016 12:00:00,17.40499942
03.07.2016 13:00:00,18.68333308
03.07.2016 14:00:00,15.87666702
03.07.2016 15:00:00,13.88666646
03.07.2016 16:00:00,14.79333337
03.07.2016 17:00:00,14.17666658
03.07.2016 18:00:00,16.0983332
03.07.2016 19:00:00,14.68333324
03.07.2016 20:00:00,13.4666667
03.07.2016 21:00:00,12.64500014
03.07.2016 22:00:00,11.98333327
03.07.2016 23:00:00,10.9683334
04.07.2016 00:00:00,9.918333213
04.07.2016 01:00:00,9.168333213
04.07.2016 02:00:00,8.680000067
04.07.2016 03:00:00,7.530000051
04.07.2016 04:00:00,7.13499999
04.07.2016 05:00:00,7.285000006
04.07.2016 06:00:00,8.116666555
04.07.2016 07:00:00,9.673333168
04.07.2016 08:00:00,12.76999998
04.07.2016 09:00:00,16.6833334
04.07.2016 10:00:00,18.84999975
04.07.2016 11:00:00,19.61333307
04.07.2016 12:00:00,19.84500027
04.07.2016 13:00:00,21.1299998
04.07.2016 14:00:00,21.33500036
04.07.2016 15:00:00,22.36333338
04.07.2016 16:00:00,22.50833352
04.07.2016 17:00:00,22.14999994
04.07.2016 18:00:00,22.09833304
04.07.2016 19:00:00,21.26500003
04.07.2016 20:00:00,19.85166677
04.07.2016 21:00:00,18.32833322
04.07.2016 22:00:00,17.83833313
04.07.2016 23:00:00,16.71666686
05.07.2016 00:00:00,16.125
05.07.2016 01:00:00,16.17499987
05.07.2016 02:00:00,15.41666683
05.07.2016 03:00:00,14.99499989
05.07.2016 04:00:00,14.71333313
05.07.2016 05:00:00,14.95333338
05.07.2016 06:00:00,15.81166649
05.07.2016 07:00:00,18.625
05.07.2016 08:00:00,21.04166667
05.07.2016 09:00:00,21.43333371
05.07.2016 10:00:00,21.78333346
05.07.2016 11:00:00,22.52333323
05.07.2016 12:00:00,23.19500001
05.07.2016 13:00:00,24.33333333
05.07.2016 14:00:00,24.75166702
05.07.2016 15:00:00,24.89833323
05.07.2016 16:00:00,24.39333312
05.07.2016 17:00:00,23.4333334
05.07.2016 18:00:00,22.90500005
05.07.2016 19:00:00,21.16000017
05.07.2016 20:00:00,18.6533335
05.07.2016 21:00:00,14.91166671
05.07.2016 22:00:00,14.70499976
05.07.2016 23:00:00,15.12499984
06.07.2016 00:00:00,14.39999978
06.07.2016 01:00:00,13.75500011
06.07.2016 02:00:00,12.88000011
06.07.2016 03:00:00,12.49666659
06.07.2016 04:00:00,12.60166661
06.07.2016 05:00:00,12.62166659
06.07.2016 06:00:00,13.1850001
06.07.2016 07:00:00,13.94666672
06.07.2016 08:00:00,14.33999999
06.07.2016 09:00:00,14.81833331
06.07.2016 10:00:00,15.38499991
06.07.2016 11:00:00,16.73166656
06.07.2016 12:00:00,17.21999995
06.07.2016 13:00:00,18.2566665
06.07.2016 14:00:00,18.87666702
06.07.2016 15:00:00,19.23333327
06.07.2016 16:00:00,19.52000014
06.07.2016 17:00:00,19.46333345
06.07.2016 18:00:00,19.12833341
06.07.2016 19:00:00,17.71500015
06.07.2016 20:00:00,16.14999978
06.07.2016 21:00:00,15.11833334
06.07.2016 22:00:00,14.69000006
06.07.2016 23:00:00,14.42999999
07.07.2016 00:00:00,11.79666662
07.07.2016 01:00:00,10.47500006
07.07.2016 02:00:00,10.11333323
07.07.2016 03:00:00,9.820000013
07.07.2016 04:00:00,9.99666659
07.07.2016 05:00:00,9.75333341
07.07.2016 06:00:00,11.80166674
07.07.2016 07:00:00,13.75833352
07.07.2016 08:00:00,16.13499975
07.07.2016 09:00:00,17.27999973
07.07.2016 10:00:00,18.56333351
07.07.2016 11:00:00,19.04833349
07.07.2016 12:00:00,19.98000018
07.07.2016 13:00:00,20.94499969
07.07.2016 14:00:00,21.66333326
07.07.2016 15:00:00,21.82166672
07.07.2016 16:00:00,22.31166617
07.07.2016 17:00:00,22.44333299
07.07.2016 18:00:00,22.00500011
07.07.2016 19:00:00,20.67833328
07.07.2016 20:00:00,19.38833332
07.07.2016 21:00:00,17.76999982
07.07.2016 22:00:00,16.63666693
07.07.2016 23:00:00,15.92333317
08.07.2016 00:00:00,15.4749999
08.07.2016 01:00:00,15.06999985
08.07.2016 02:00:00,14.73000018
08.07.2016 03:00:00,14.08166663
08.07.2016 04:00:00,13.27666664
08.07.2016 05:00:00,13.41333326
08.07.2016 06:00:00,14.20500024
08.07.2016 07:00:00,15.66666667
08.07.2016 08:00:00,18.95333354
08.07.2016 09:00:00,22.29333369
08.07.2016 10:00:00,23.61166668
08.07.2016 11:00:00,25.65333335
08.07.2016 12:00:00,26.52833303
08.07.2016 13:00:00,27.20333322
08.07.2016 14:00:00,26.40166632
08.07.2016 15:00:00,26.38000011
08.07.2016 16:00:00,25.70166651
08.07.2016 17:00:00,24.67166646
08.07.2016 18:00:00,23.88666662
08.07.2016 19:00:00,23.52500025
08.07.2016 20:00:00,22.09333356
08.07.2016 21:00:00,20.06500022
08.07.2016 22:00:00,17.3233331
08.07.2016 23:00:00,17.15166664
09.07.2016 00:00:00,17.2433335
09.07.2016 01:00:00,16.5716664
09.07.2016 02:00:00,15.9000001
09.07.2016 03:00:00,15.21500015
09.07.2016 04:00:00,15.41833337
09.07.2016 05:00:00,15.59333309
09.07.2016 06:00:00,16.48166688
09.07.2016 07:00:00,17.70166683
09.07.2016 08:00:00,19.08500004
09.07.2016 09:00:00,19.50833321
09.07.2016 10:00:00,20.46666686
09.07.2016 11:00:00,21.125
09.07.2016 12:00:00,22.2433335
09.07.2016 13:00:00,23.11833286
09.07.2016 14:00:00,23.59166654
09.07.2016 15:00:00,24.30499999
09.07.2016 16:00:00,24.57833354
09.07.2016 17:00:00,24.58166663
09.07.2016 18:00:00,24.23166688
09.07.2016 19:00:00,22.71833356
09.07.2016 20:00:00,21.69333331
09.07.2016 21:00:00,21.01666673
09.07.2016 22:00:00,19.81500022
09.07.2016 23:00:00,18.92166678
10.07.2016 00:00:00,17.67999967
10.07.2016 01:00:00,16.95333322
10.07.2016 02:00:00,16.47833316
10.07.2016 03:00:00,15.22999986
10.07.2016 04:00:00,14.57166656
10.07.2016 05:00:00,15.22333336
10.07.2016 06:00:00,16.9266669
10.07.2016 07:00:00,19.08666674
10.07.2016 08:00:00,21.67333285
10.07.2016 09:00:00,24.0733331
10.07.2016 10:00:00,25.34333324
10.07.2016 11:00:00,26.61499977
10.07.2016 12:00:00,27.34999975
10.07.2016 13:00:00,28.17833328
10.07.2016 14:00:00,29.06166681
10.07.2016 15:00:00,29.61999989
10.07.2016 16:00:00,30.20166683
10.07.2016 17:00:00,29.92333349
10.07.2016 18:00:00,29.4933335
10.07.2016 19:00:00,28.13999971
10.07.2016 20:00:00,26.93166669
10.07.2016 21:00:00,26.25333309
10.07.2016 22:00:00,24.17999999
10.07.2016 23:00:00,22.60999997
11.07.2016 00:00:00,21.04333305
11.07.2016 01:00:00,20.14499982
11.07.2016 02:00:00,19.64999994
11.07.2016 03:00:00,19.56833363
11.07.2016 04:00:00,18.77833271
11.07.2016 05:00:00,19.71166643
11.07.2016 06:00:00,21.70500024
11.07.2016 07:00:00,24.5666666
11.07.2016 08:00:00,27.19833342
11.07.2016 09:00:00,28.22499975
11.07.2016 10:00:00,28.61333338
11.07.2016 11:00:00,28.41666667
11.07.2016 12:00:00,29.70333322
11.07.2016 13:00:00,29.61499977
11.07.2016 14:00:00,29.3149999
11.07.2016 15:00:00,29.39333344
11.07.2016 16:00:00,29.25833352
11.07.2016 17:00:00,28.03333346
11.07.2016 18:00:00,26.1233333
11.07.2016 19:00:00,25.20000013
11.07.2016 20:00:00,23.72833347
11.07.2016 21:00:00,22.68333308
11.07.2016 22:00:00,21.51333332
11.07.2016 23:00:00,20.99666659
12.07.2016 00:00:00,20.42000008
12.07.2016 01:00:00,19.86666679
12.07.2016 02:00:00,19.13666662
12.07.2016 03:00:00,18.85666688
12.07.2016 04:00:00,18.68999958
12.07.2016 05:00:00,18.47833316
12.07.2016 06:00:00,18.76333364
12.07.2016 07:00:00,19.40833346
12.07.2016 08:00:00,20.9233338
12.07.2016 09:00:00,21.34166654
12.07.2016 10:00:00,21.82999992
12.07.2016 11:00:00,22.89666653
12.07.2016 12:00:00,21.861667
12.07.2016 13:00:00,21.44166692
12.07.2016 14:00:00,21.63500023
12.07.2016 15:00:00,21.66333357
12.07.2016 16:00:00,21.48833307
12.07.2016 17:00:00,21.19166629
12.07.2016 18:00:00,20.69666672
12.07.2016 19:00:00,20.09666665
12.07.2016 20:00:00,19.18833319
12.07.2016 21:00:00,18.10500018
12.07.2016 22:00:00,17.4399999
12.07.2016 23:00:00,16.9350001
13.07.2016 00:00:00,16.3083334
13.07.2016 01:00:00,15.72833316
13.07.2016 02:00:00,14.73333327
13.07.2016 03:00:00,14.27499978
13.07.2016 04:00:00,14.38166666
13.07.2016 05:00:00,14.2483333
13.07.2016 06:00:00,15.3166666
13.07.2016 07:00:00,15.5600001
13.07.2016 08:00:00,16.13166666
13.07.2016 09:00:00,17.63999971
13.07.2016 10:00:00,18.5649999
13.07.2016 11:00:00,19.61333338
13.07.2016 12:00:00,19.31166649
13.07.2016 13:00:00,18.67333285
13.07.2016 14:00:00,16.48166641
13.07.2016 15:00:00,17.51500003
13.07.2016 16:00:00,17.75666682
13.07.2016 17:00:00,18.15999985
13.07.2016 18:00:00,17.73499966
13.07.2016 19:00:00,16.99166679
13.07.2016 20:00:00,16.25833321
13.07.2016 21:00:00,15.36833334
13.07.2016 22:00:00,14.77333323
13.07.2016 23:00:00,14.0333333
14.07.2016 00:00:00,14.05333344
14.07.2016 01:00:00,13.81166665
14.07.2016 02:00:00,13.41999992
14.07.2016 03:00:00,12.91666651
14.07.2016 04:00:00,12.53166676
14.07.2016 05:00:00,12.45499992
14.07.2016 06:00:00,12.41333326
14.07.2016 07:00:00,12.49999984
14.07.2016 08:00:00,12.30999994
14.07.2016 09:00:00,12.08666674
14.07.2016 10:00:00,12.27833335
14.07.2016 11:00:00,12.97666677
14.07.2016 12:00:00,13.51333332
14.07.2016 13:00:00,14.25999991
14.07.2016 14:00:00,15.86333323
14.07.2016 15:00:00,16.75666666
14.07.2016 16:00:00,17.50166639
14.07.2016 17:00:00,17.80000019
14.07.2016 18:00:00,17.08000024
14.07.2016 19:00:00,16.39333344
14.07.2016 20:00:00,15.35166661
14.07.2016 21:00:00,14.5666666
14.07.2016 22:00:00,14.0250001
14.07.2016 23:00:00,12.79666678
15.07.2016 00:00:00,12.01833328
15.07.2016 01:00:00,12.1516668
15.07.2016 02:00:00,11.89999978
15.07.2016 03:00:00,11.99499989
15.07.2016 04:00:00,12.0049998
15.07.2016 05:00:00,11.92833328
15.07.2016 06:00:00,12.16999992
15.07.2016 07:00:00,12.47999986
15.07.2016 08:00:00,12.68166653
15.07.2016 09:00:00,12.72833347
15.07.2016 10:00:00,13.51666657
15.07.2016 11:00:00,14.58333317
15.07.2016 12:00:00,15.38500007
15.07.2016 13:00:00,15.80999994
15.07.2016 14:00:00,15.66000001
15.07.2016 15:00:00,16.45666663
15.07.2016 16:00:00,18.21666686
15.07.2016 17:00:00,18.58333333
15.07.2016 18:00:00,17.10166645
15.07.2016 19:00:00,16.24833298
15.07.2016 20:00:00,16.01666657
15.07.2016 21:00:00,15.22166665
15.07.2016 22:00:00,13.45166667
15.07.2016 23:00:00,12.70833317
16.07.2016 00:00:00,11.6916666
16.07.2016 01:00:00,10.8766667
16.07.2016 02:00:00,10.0933334
16.07.2016 03:00:00,9.600000064
16.07.2016 04:00:00,8.89166673
16.07.2016 05:00:00,9.493333181
16.07.2016 06:00:00,11.16833337
16.07.2016 07:00:00,13.48500013
16.07.2016 08:00:00,16.84666681
16.07.2016 09:00:00,19.46000004
16.07.2016 10:00:00,20.49666627
16.07.2016 11:00:00,21.0716664
16.07.2016 12:00:00,21.91500028
16.07.2016 13:00:00,22.29833349
16.07.2016 14:00:00,22.67833328
16.07.2016 15:00:00,22.93166637
16.07.2016 16:00:00,22.23666668
16.07.2016 17:00:00,22.03999996
16.07.2016 18:00:00,21.42166678
16.07.2016 19:00:00,20.88499959
16.07.2016 20:00:00,20.16666667
16.07.2016 21:00:00,19.61833318
16.07.2016 22:00:00,19.1233333
16.07.2016 23:00:00,18.75833321
17.07.2016 00:00:00,18.52333355
17.07.2016 01:00:00,18.28833357
17.07.2016 02:00:00,18.04833349
17.07.2016 03:00:00,17.78833326
17.07.2016 04:00:00,17.65833314
17.07.2016 05:00:00,16.33166663
17.07.2016 06:00:00,15.88166666
17.07.2016 07:00:00,16.23333327
17.07.2016 08:00:00,16.74666659
17.07.2016 09:00:00,18.15666707
17.07.2016 10:00:00,21.02166621
17.07.2016 11:00:00,22.7433335
17.07.2016 12:00:00,21.6299998
17.07.2016 13:00:00,20.39166673
17.07.2016 14:00:00,21.75500011
17.07.2016 15:00:00,21.54166667
17.07.2016 16:00:00,21.63500023
17.07.2016 17:00:00,22.89833355
17.07.2016 18:00:00,21.82166672
17.07.2016 19:00:00,20.91833369
17.07.2016 20:00:00,20.09166686
17.07.2016 21:00:00,19.60666656
17.07.2016 22:00:00,19.5066665
17.07.2016 23:00:00,19.65500005
18.07.2016 00:00:00,19.34666665
18.07.2016 01:00:00,18.76999982
18.07.2016 02:00:00,17.78999996
18.07.2016 03:00:00,16.99000009
18.07.2016 04:00:00,16.54666678
18.07.2016 05:00:00,16.66833337
18.07.2016 06:00:00,18.47666677
18.07.2016 07:00:00,19.50166639
18.07.2016 08:00:00,20.28166676
18.07.2016 09:00:00,21.09166654
18.07.2016 10:00:00,21.90833346
18.07.2016 11:00:00,22.6850001
18.07.2016 12:00:00,23.71999995
18.07.2016 13:00:00,23.88666662
18.07.2016 14:00:00,24.72333368
18.07.2016 15:00:00,25.23499997
18.07.2016 16:00:00,25.46666686
18.07.2016 17:00:00,25.41666698
18.07.2016 18:00:00,24.85666656
18.07.2016 19:00:00,24.29166635
18.07.2016 20:00:00,23.61666679
18.07.2016 21:00:00,22.8083334
18.07.2016 22:00:00,20.94833279
18.07.2016 23:00:00,18.84666634
19.07.2016 00:00:00,17.95666663
19.07.2016 01:00:00,16.88000043
19.07.2016 02:00:00,15.95833333
19.07.2016 03:00:00,14.92166662
19.07.2016 04:00:00,14.32333326
19.07.2016 05:00:00,15.23499997
19.07.2016 06:00:00,17.55000019
19.07.2016 07:00:00,18.83499972
19.07.2016 08:00:00,21.66666667
19.07.2016 09:00:00,23.93166669
19.07.2016 10:00:00,25.18833319
19.07.2016 11:00:00,26.15500005
19.07.2016 12:00:00,26.92833328
19.07.2016 13:00:00,27.0733331
19.07.2016 14:00:00,27.57500045
19.07.2016 15:00:00,27.35166645
19.07.2016 16:00:00,27.65000025
19.07.2016 17:00:00,27.36333338
19.07.2016 18:00:00,26.98166656
19.07.2016 19:00:00,25.70000045
19.07.2016 20:00:00,24.3100001
19.07.2016 21:00:00,23.04500008
19.07.2016 22:00:00,21.76833312
19.07.2016 23:00:00,21.08500004
20.07.2016 00:00:00,19.46833324
20.07.2016 01:00:00,18.33666674
20.07.2016 02:00:00,17.23833275
20.07.2016 03:00:00,16.27666664
20.07.2016 04:00:00,15.52833319
20.07.2016 05:00:00,16.12999996
20.07.2016 06:00:00,18.17999999
20.07.2016 07:00:00,20.02833366
20.07.2016 08:00:00,22.58166663
20.07.2016 09:00:00,24.88999971
20.07.2016 10:00:00,26.03000005
20.07.2016 11:00:00,26.91333326
20.07.2016 12:00:00,28.07999992
20.07.2016 13:00:00,28.91666667
20.07.2016 14:00:00,29.51666673
20.07.2016 15:00:00,30.11666616
20.07.2016 16:00:00,30.39666653
20.07.2016 17:00:00,30.18166669
20.07.2016 18:00:00,29.80666637
20.07.2016 19:00:00,28.16833337
20.07.2016 20:00:00,26.88000011
20.07.2016 21:00:00,25.48833338
20.07.2016 22:00:00,24.28666687
20.07.2016 23:00:00,23.11500009
21.07.2016 00:00:00,21.91333357
21.07.2016 01:00:00,21.42333317
21.07.2016 02:00:00,19.71666686
21.07.2016 03:00:00,19.41000017
21.07.2016 04:00:00,18.85833327
21.07.2016 05:00:00,18.4333334
21.07.2016 06:00:00,19.31833331
21.07.2016 07:00:00,19.46666686
21.07.2016 08:00:00,20.1183335
21.07.2016 09:00:00,20.44999981
21.07.2016 10:00:00,19.48333327
21.07.2016 11:00:00,18.72499975
21.07.2016 12:00:00,19.20333354
21.07.2016 13:00:00,19.8633337
21.07.2016 14:00:00,20.12666639
21.07.2016 15:00:00,20.23166656
21.07.2016 16:00:00,20.39999962
21.07.2016 17:00:00,20.69333331
21.07.2016 18:00:00,21.58833345
21.07.2016 19:00:00,20.11833318
21.07.2016 20:00:00,19.26666609
21.07.2016 21:00:00,18.64999962
21.07.2016 22:00:00,18.02000014
21.07.2016 23:00:00,17.45499992
22.07.2016 00:00:00,16.94500001
22.07.2016 01:00:00,16.45333354
22.07.2016 02:00:00,16.40666612
22.07.2016 03:00:00,16.10166645
22.07.2016 04:00:00,15.85000006
22.07.2016 05:00:00,15.7783335
22.07.2016 06:00:00,15.88500007
22.07.2016 07:00:00,16.3166666
22.07.2016 08:00:00,18.05333328
22.07.2016 09:00:00,21.24666691
22.07.2016 10:00:00,24.02833303
22.07.2016 11:00:00,25.97666677
22.07.2016 12:00:00,26.92499987
22.07.2016 13:00:00,27.92833296
22.07.2016 14:00:00,28.75500011
22.07.2016 15:00:00,29.21666686
22.07.2016 16:00:00,29.19500001
22.07.2016 17:00:00,29.34999975
22.07.2016 18:00:00,28.64999994
22.07.2016 19:00:00,25.60833327
22.07.2016 20:00:00,23.13666662
22.07.2016 21:00:00,21.78999996
22.07.2016 22:00:00,20.78999996
22.07.2016 23:00:00,20.42166646
23.07.2016 00:00:00,20.08666674
23.07.2016 01:00:00,19.236667
23.07.2016 02:00:00,18.5649999
23.07.2016 03:00:00,17.89666684
23.07.2016 04:00:00,17.67166678
23.07.2016 05:00:00,17.43666681
23.07.2016 06:00:00,18.1833334
23.07.2016 07:00:00,19.67000008
23.07.2016 08:00:00,20.75999991
23.07.2016 09:00:00,21.96999995
23.07.2016 10:00:00,23.29166667
23.07.2016 11:00:00,24.74000009
23.07.2016 12:00:00,25.66833305
23.07.2016 13:00:00,25.30000019
23.07.2016 14:00:00,23.11833318
23.07.2016 15:00:00,19.14166705
23.07.2016 16:00:00,19.16499996
23.07.2016 17:00:00,19.86666648
23.07.2016 18:00:00,19.85333316
23.07.2016 19:00:00,19.32666715
23.07.2016 20:00:00,18.89999994
23.07.2016 21:00:00,18.69666672
23.07.2016 22:00:00,18.55833308
23.07.2016 23:00:00,18.49666659
24.07.2016 00:00:00,18.13166682
24.07.2016 01:00:00,17.82833322
24.07.2016 02:00:00,17.48499997
24.07.2016 03:00:00,17.16833337
24.07.2016 04:00:00,17.09500027
24.07.2016 05:00:00,17.31999969
24.07.2016 06:00:00,17.58833345
24.07.2016 07:00:00,19.39833323
24.07.2016 08:00:00,21.70833302
24.07.2016 09:00:00,22.8083334
24.07.2016 10:00:00,24.0016667
24.07.2016 11:00:00,24.96666686
24.07.2016 12:00:00,26.29999987
24.07.2016 13:00:00,26.60666688
24.07.2016 14:00:00,27.40999985
24.07.2016 15:00:00,27.1299998
24.07.2016 16:00:00,26.88833364
24.07.2016 17:00:00,27.02999973
24.07.2016 18:00:00,26.88500023
24.07.2016 19:00:00,25.59666665
24.07.2016 20:00:00,23.72666645
24.07.2016 21:00:00,22.90999953
24.07.2016 22:00:00,22.27833271
24.07.2016 23:00:00,21.44666672
25.07.2016 00:00:00,20.73000018
25.07.2016 01:00:00,20.10166677
25.07.2016 02:00:00,19.42333349
25.07.2016 03:00:00,19.1266667
25.07.2016 04:00:00,18.64333312
25.07.2016 05:00:00,18.84499995
25.07.2016 06:00:00,20.111667
25.07.2016 07:00:00,21.20166683
25.07.2016 08:00:00,22.85000006
25.07.2016 09:00:00,25.49333318
25.07.2016 10:00:00,26.64500014
25.07.2016 11:00:00,27.17999999
25.07.2016 12:00:00,27.18666649
25.07.2016 13:00:00,25.61666679
25.07.2016 14:00:00,24.53333378
25.07.2016 15:00:00,24.98499997
25.07.2016 16:00:00,24.65666676
25.07.2016 17:00:00,26.01500034
25.07.2016 18:00:00,25.70666663
25.07.2016 19:00:00,24.46999995
25.07.2016 20:00:00,23.40166664
25.07.2016 21:00:00,22.36499977
25.07.2016 22:00:00,21.71000004
25.07.2016 23:00:00,20.77166684
26.07.2016 00:00:00,20.18666681
26.07.2016 01:00:00,19.56833363
26.07.2016 02:00:00,19.21000004
26.07.2016 03:00:00,19.10000006
26.07.2016 04:00:00,18.77666728
26.07.2016 05:00:00,18.79000028
26.07.2016 06:00:00,19.23166688
26.07.2016 07:00:00,19.62166659
26.07.2016 08:00:00,19.94333363
26.07.2016 09:00:00,21.29333337
26.07.2016 10:00:00,21.15500037
26.07.2016 11:00:00,21.61666679
26.07.2016 12:00:00,22.7966671
26.07.2016 13:00:00,23.27333355
26.07.2016 14:00:00,23.91166655
26.07.2016 15:00:00,24.78333314
26.07.2016 16:00:00,23.85166677
26.07.2016 17:00:00,25.01000055
26.07.2016 18:00:00,25.15999985
26.07.2016 19:00:00,23.66833369
26.07.2016 20:00:00,22.83000024
26.07.2016 21:00:00,21.9150006
26.07.2016 22:00:00,20.72166665
26.07.2016 23:00:00,19.94833342
27.07.2016 00:00:00,19.34000015
27.07.2016 01:00:00,18.70166651
27.07.2016 02:00:00,18.13666662
27.07.2016 03:00:00,17.53833357
27.07.2016 04:00:00,17.2566665
27.07.2016 05:00:00,17.10166677
27.07.2016 06:00:00,18.15833378
27.07.2016 07:00:00,19.28833326
27.07.2016 08:00:00,20.4483331
27.07.2016 09:00:00,21.73833338
27.07.2016 10:00:00,23.26666673
27.07.2016 11:00:00,24.67500019
27.07.2016 12:00:00,21.12666639
27.07.2016 13:00:00,20.14500014
27.07.2016 14:00:00,21.46999995
27.07.2016 15:00:00,22.70833333
27.07.2016 16:00:00,23.79500008
27.07.2016 17:00:00,24.31166681
27.07.2016 18:00:00,23.95666663
27.07.2016 19:00:00,22.65666676
27.07.2016 20:00:00,22.08833377
27.07.2016 21:00:00,20.80166626
27.07.2016 22:00:00,20.06999969
27.07.2016 23:00:00,19.40499973
28.07.2016 00:00:00,19.07666651
28.07.2016 01:00:00,18.59500027
28.07.2016 02:00:00,17.80499967
28.07.2016 03:00:00,16.35666704
28.07.2016 04:00:00,15.2833333
28.07.2016 05:00:00,14.9083333
28.07.2016 06:00:00,15.88833332
28.07.2016 07:00:00,16.28833326
28.07.2016 08:00:00,18.15666676
28.07.2016 09:00:00,21.48666668
28.07.2016 10:00:00,22.09499963
28.07.2016 11:00:00,23.35166645
28.07.2016 12:00:00,23.86833318
28.07.2016 13:00:00,24.15666676
28.07.2016 14:00:00,24.7516667
28.07.2016 15:00:00,24.60500018
28.07.2016 16:00:00,25.36666616
28.07.2016 17:00:00,25.32000033
28.07.2016 18:00:00,24.81833331
28.07.2016 19:00:00,23.25000032
28.07.2016 20:00:00,21.59000015
28.07.2016 21:00:00,20.35166645
28.07.2016 22:00:00,19.95833333
28.07.2016 23:00:00,19.02833335
29.07.2016 00:00:00,18.60333316
29.07.2016 01:00:00,17.08333333
29.07.2016 02:00:00,16.31333319
29.07.2016 03:00:00,16.09499995
29.07.2016 04:00:00,15.80333344
29.07.2016 05:00:00,15.80833324
29.07.2016 06:00:00,16.4950002
29.07.2016 07:00:00,16.74000041
29.07.2016 08:00:00,17.64500014
29.07.2016 09:00:00,19.95000013
29.07.2016 10:00:00,21.44666672
29.07.2016 11:00:00,22.68666681
29.07.2016 12:00:00,23.48166688
29.07.2016 13:00:00,23.70666663
29.07.2016 14:00:00,23.38666662
29.07.2016 15:00:00,23.40999985
29.07.2016 16:00:00,23.23499966
29.07.2016 17:00:00,21.98999977
29.07.2016 18:00:00,20.21500015
29.07.2016 19:00:00,20.01499971
29.07.2016 20:00:00,19.21333345
29.07.2016 21:00:00,17.10500018
29.07.2016 22:00:00,16.85333347
29.07.2016 23:00:00,16.72999986
30.07.2016 00:00:00,16.58666674
30.07.2016 01:00:00,16.16833305
30.07.2016 02:00:00,15.65333319
30.07.2016 03:00:00,15.25333325
30.07.2016 04:00:00,15.14666669
30.07.2016 05:00:00,15.47833316
30.07.2016 06:00:00,16.43000031
30.07.2016 07:00:00,17.64833323
30.07.2016 08:00:00,20.00333309
30.07.2016 09:00:00,21.72833347
30.07.2016 10:00:00,22.65333335
30.07.2016 11:00:00,24.10833359
30.07.2016 12:00:00,24.6183335
30.07.2016 13:00:00,25.04666646
30.07.2016 14:00:00,25.18666681
30.07.2016 15:00:00,25.56333319
30.07.2016 16:00:00,25.46999995
30.07.2016 17:00:00,25.28500048
30.07.2016 18:00:00,24.19000022
30.07.2016 19:00:00,22.92000008
30.07.2016 20:00:00,21.68666681
30.07.2016 21:00:00,20.83166663
30.07.2016 22:00:00,19.67333317
30.07.2016 23:00:00,18.83166663
31.07.2016 00:00:00,18.33500004
31.07.2016 01:00:00,17.9333334
31.07.2016 02:00:00,17.42333349
31.07.2016 03:00:00,17.09499995
31.07.2016 04:00:00,16.39166673
31.07.2016 05:00:00,15.98666668
31.07.2016 06:00:00,17.14999994
31.07.2016 07:00:00,17.61500041
31.07.2016 08:00:00,18.73333327
31.07.2016 09:00:00,20.04999987
31.07.2016 10:00:00,21.91333294
31.07.2016 11:00:00,22.98833307
31.07.2016 12:00:00,23.63499991
31.07.2016 13:00:00,24.44000022
31.07.2016 14:00:00,23.46833324
31.07.2016 15:00:00,23.263333
31.07.2016 16:00:00,22.83166695
31.07.2016 17:00:00,22.57166704
31.07.2016 18:00:00,20.55499999
31.07.2016 19:00:00,17.19499969
31.07.2016 20:00:00,16.71333313
31.07.2016 21:00:00,16.27333323
31.07.2016 22:00:00,15.64833307
31.07.2016 23:00:00,15.16833305
01.08.2016 00:00:00,14.26999998
01.08.2016 01:00:00,14.10833327
01.08.2016 02:00:00,14.14833323
01.08.2016 03:00:00,13.73000018
01.08.2016 04:00:00,13.25166686
01.08.2016 05:00:00,13.26666657
01.08.2016 06:00:00,13.77666664
01.08.2016 07:00:00,15.65333335
01.08.2016 08:00:00,16.46166658
01.08.2016 09:00:00,17.77333323
01.08.2016 10:00:00,18.66000017
01.08.2016 11:00:00,19.77833335
01.08.2016 12:00:00,19.48499997
01.08.2016 13:00:00,20.83333365
01.08.2016 14:00:00,20.18166669
01.08.2016 15:00:00,20.55500031
01.08.2016 16:00:00,20.62833373
01.08.2016 17:00:00,21.2549998
01.08.2016 18:00:00,20.8266662
01.08.2016 19:00:00,19.46833356
01.08.2016 20:00:00,18.2516667
01.08.2016 21:00:00,16.62166691
01.08.2016 22:00:00,15.36666663
01.08.2016 23:00:00,14.82333326
02.08.2016 00:00:00,14.4333334
02.08.2016 01:00:00,13.69000006
02.08.2016 02:00:00,13.01000007
02.08.2016 03:00:00,12.97999986
02.08.2016 04:00:00,12.92833344
02.08.2016 05:00:00,12.38166682
02.08.2016 06:00:00,12.23333327
02.08.2016 07:00:00,12.53666671
02.08.2016 08:00:00,13.25666666
02.08.2016 09:00:00,14.27666664
02.08.2016 10:00:00,15.94166644
02.08.2016 11:00:00,16.95000045
02.08.2016 12:00:00,17.74499989
02.08.2016 13:00:00,18.10666656
02.08.2016 14:00:00,17.92333317
02.08.2016 15:00:00,17.87500032
02.08.2016 16:00:00,17.79333337
02.08.2016 17:00:00,17.32833354
02.08.2016 18:00:00,17.38333352
02.08.2016 19:00:00,17.10999997
02.08.2016 20:00:00,16.78666655
02.08.2016 21:00:00,16.46666686
02.08.2016 22:00:00,15.88833348
02.08.2016 23:00:00,15.79833301
03.08.2016 00:00:00,15.6583333
03.08.2016 01:00:00,15.74166663
03.08.2016 02:00:00,15.87833309
03.08.2016 03:00:00,15.76500018
03.08.2016 04:00:00,15.50833337
03.08.2016 05:00:00,15.75333341
03.08.2016 06:00:00,16.64666716
03.08.2016 07:00:00,17.86500009
03.08.2016 08:00:00,18.50000032
03.08.2016 09:00:00,19.35833327
03.08.2016 10:00:00,20.00666682
03.08.2016 11:00:00,20.05000019
03.08.2016 12:00:00,20.50833321
03.08.2016 13:00:00,20.59499963
03.08.2016 14:00:00,20.22166697
03.08.2016 15:00:00,19.87166627
03.08.2016 16:00:00,19.8633337
03.08.2016 17:00:00,18.91166655
03.08.2016 18:00:00,18.87166659
03.08.2016 19:00:00,18.76000023
03.08.2016 20:00:00,18.37333298
03.08.2016 21:00:00,18.1266667
03.08.2016 22:00:00,17.94666672
03.08.2016 23:00:00,17.90833314
04.08.2016 00:00:00,17.65833346
04.08.2016 01:00:00,17.14666684
04.08.2016 02:00:00,16.99499989
04.08.2016 03:00:00,17.02833366
04.08.2016 04:00:00,16.97666677
04.08.2016 05:00:00,16.86999989
04.08.2016 06:00:00,17.0716664
04.08.2016 07:00:00,18.75999991
04.08.2016 08:00:00,20.92166646
04.08.2016 09:00:00,22.33500004
04.08.2016 10:00:00,22.875
04.08.2016 11:00:00,23.26999982
04.08.2016 12:00:00,23.44999981
04.08.2016 13:00:00,23.72333304
04.08.2016 14:00:00,23.5016667
04.08.2016 15:00:00,22.54999987
04.08.2016 16:00:00,21.44666704
04.08.2016 17:00:00,21.42999999
04.08.2016 18:00:00,21.09833336
04.08.2016 19:00:00,19.96333345
04.08.2016 20:00:00,19.138333
04.08.2016 21:00:00,18.33666611
04.08.2016 22:00:00,16.4083333
04.08.2016 23:00:00,15.46166658
05.08.2016 00:00:00,15.21499999
05.08.2016 01:00:00,14.80166642
05.08.2016 02:00:00,14.4066666
05.08.2016 03:00:00,14.30499999
05.08.2016 04:00:00,14.13499975
05.08.2016 05:00:00,14.17666658
05.08.2016 06:00:00,14.34500011
05.08.2016 07:00:00,15.39333328
05.08.2016 08:00:00,15.82500013
05.08.2016 09:00:00,17.125
05.08.2016 10:00:00,17.68000031
05.08.2016 11:00:00,18.22000027
05.08.2016 12:00:00,18.97000027
05.08.2016 13:00:00,19.76166693
05.08.2016 14:00:00,20.32166672
05.08.2016 15:00:00,20.87500032
05.08.2016 16:00:00,20.77333323
05.08.2016 17:00:00,19.14333312
05.08.2016 18:00:00,19.59166686
05.08.2016 19:00:00,18.58500004
05.08.2016 20:00:00,17.85999997
05.08.2016 21:00:00,17.58999952
05.08.2016 22:00:00,16.98166656
05.08.2016 23:00:00,16.50166639
06.08.2016 00:00:00,16.11833334
06.08.2016 01:00:00,15.38166666
06.08.2016 02:00:00,14.00500011
06.08.2016 03:00:00,13.2183334
06.08.2016 04:00:00,12.61666663
06.08.2016 05:00:00,12.55499999
06.08.2016 06:00:00,14.0016667
06.08.2016 07:00:00,16.03666671
06.08.2016 08:00:00,17.34000015
06.08.2016 09:00:00,19.18666681
06.08.2016 10:00:00,19.54166667
06.08.2016 11:00:00,19.93166637
06.08.2016 12:00:00,20.8700002
06.08.2016 13:00:00,21.3633337
06.08.2016 14:00:00,22.22833347
06.08.2016 15:00:00,22.18166669
06.08.2016 16:00:00,21.79499976
06.08.2016 17:00:00,21.05499967
06.08.2016 18:00:00,20.32666651
06.08.2016 19:00:00,19.52833335
06.08.2016 20:00:00,18.5066665
06.08.2016 21:00:00,17.7450002
06.08.2016 22:00:00,15.53833326
06.08.2016 23:00:00,14.5250001
07.08.2016 00:00:00,13.53166676
07.08.2016 01:00:00,12.64833339
07.08.2016 02:00:00,12.15166664
07.08.2016 03:00:00,11.7783335
07.08.2016 04:00:00,11.76333332
07.08.2016 05:00:00,11.30666653
07.08.2016 06:00:00,12.86166668
07.08.2016 07:00:00,15.4399999
07.08.2016 08:00:00,17.95666663
07.08.2016 09:00:00,19.98333327
07.08.2016 10:00:00,21.20499992
07.08.2016 11:00:00,22.5466671
07.08.2016 12:00:00,23.7516667
07.08.2016 13:00:00,24.73000018
07.08.2016 14:00:00,25.63499991
07.08.2016 15:00:00,26.15333335
07.08.2016 16:00:00,26.41999976
07.08.2016 17:00:00,26.32500013
07.08.2016 18:00:00,25.80833308
07.08.2016 19:00:00,23.97166634
07.08.2016 20:00:00,22.21833356
07.08.2016 21:00:00,21.07833322
07.08.2016 22:00:00,19.39000003
07.08.2016 23:00:00,17.51833375
08.08.2016 00:00:00,16.71000036
08.08.2016 01:00:00,16.0966665
08.08.2016 02:00:00,15.38166666
08.08.2016 03:00:00,14.73500013
08.08.2016 04:00:00,14.4666667
08.08.2016 05:00:00,14.44000006
08.08.2016 06:00:00,17.13666662
08.08.2016 07:00:00,18.84000015
08.08.2016 08:00:00,22.07166672
08.08.2016 09:00:00,23.85166677
08.08.2016 10:00:00,24.80499999
08.08.2016 11:00:00,25.05666637
08.08.2016 12:00:00,25.5049998
08.08.2016 13:00:00,26.13666662
08.08.2016 14:00:00,26.90500005
08.08.2016 15:00:00,27.24166616
08.08.2016 16:00:00,27.03999996
08.08.2016 17:00:00,26.28833326
08.08.2016 18:00:00,25.00500011
08.08.2016 19:00:00,22.53000005
08.08.2016 20:00:00,19.66999976
08.08.2016 21:00:00,18.84499963
08.08.2016 22:00:00,18.26500034
08.08.2016 23:00:00,17.67333317
09.08.2016 00:00:00,17.46666686
09.08.2016 01:00:00,17.20666695
09.08.2016 02:00:00,16.93166669
09.08.2016 03:00:00,16.55833308
09.08.2016 04:00:00,16.20333322
09.08.2016 05:00:00,15.76833344
09.08.2016 06:00:00,15.39000003
09.08.2016 07:00:00,15.76833328
09.08.2016 08:00:00,15.25999991
09.08.2016 09:00:00,14.86666663
09.08.2016 10:00:00,15.73999993
09.08.2016 11:00:00,17.28666687
09.08.2016 12:00:00,18.15999985
09.08.2016 13:00:00,18.74333318
09.08.2016 14:00:00,19.84166654
09.08.2016 15:00:00,20.00000032
09.08.2016 16:00:00,19.67833328
09.08.2016 17:00:00,19.10166645
09.08.2016 18:00:00,18.33833377
09.08.2016 19:00:00,17.53500017
09.08.2016 20:00:00,16.66166639
09.08.2016 21:00:00,14.04500008
09.08.2016 22:00:00,13.06333335
09.08.2016 23:00:00,12.82166688
10.08.2016 00:00:00,12.63166666
10.08.2016 01:00:00,12.55833324
10.08.2016 02:00:00,12.52499994
10.08.2016 03:00:00,12.24833345
10.08.2016 04:00:00,12.14333328
10.08.2016 05:00:00,11.96666654
10.08.2016 06:00:00,11.10999997
10.08.2016 07:00:00,10.79833349
10.08.2016 08:00:00,11.10999997
10.08.2016 09:00:00,11.61333354
10.08.2016 10:00:00,12.76499987
10.08.2016 11:00:00,14.28499969
10.08.2016 12:00:00,12.26166662
10.08.2016 13:00:00,14.0983332
10.08.2016 14:00:00,14.88333337
10.08.2016 15:00:00,14.41500012
10.08.2016 16:00:00,14.62000004
10.08.2016 17:00:00,15.2433335
10.08.2016 18:00:00,14.31333335
10.08.2016 19:00:00,13.39666669
10.08.2016 20:00:00,12.23499997
10.08.2016 21:00:00,10.77166669
10.08.2016 22:00:00,9.336666743
10.08.2016 23:00:00,8.526666482
11.08.2016 00:00:00,7.714999994
11.08.2016 01:00:00,7.195000013
11.08.2016 02:00:00,6.74666659
11.08.2016 03:00:00,6.226666689
11.08.2016 04:00:00,5.681666772
11.08.2016 05:00:00,5.689999898
11.08.2016 06:00:00,7.306666613
11.08.2016 07:00:00,9.173333486
11.08.2016 08:00:00,12.14166673
11.08.2016 09:00:00,13.91166671
11.08.2016 10:00:00,15.00166655
11.08.2016 11:00:00,16.02000014
11.08.2016 12:00:00,16.55499999
11.08.2016 13:00:00,16.78333346
11.08.2016 14:00:00,16.85999997
11.08.2016 15:00:00,17.11666679
11.08.2016 16:00:00,17.21166674
11.08.2016 17:00:00,16.65333335
11.08.2016 18:00:00,16.14999994
11.08.2016 19:00:00,15.62666686
11.08.2016 20:00:00,14.84499995
11.08.2016 21:00:00,14.51333332
11.08.2016 22:00:00,14.46166658
11.08.2016 23:00:00,13.53999996
12.08.2016 00:00:00,12.23333343
12.08.2016 01:00:00,11.37666655
12.08.2016 02:00:00,11.48166641
12.08.2016 03:00:00,11.71166674
12.08.2016 04:00:00,11.98000018
12.08.2016 05:00:00,12.13666677
12.08.2016 06:00:00,12.46500031
12.08.2016 07:00:00,11.97500006
12.08.2016 08:00:00,12.07333326
12.08.2016 09:00:00,12.80499983
12.08.2016 10:00:00,13.86500009
12.08.2016 11:00:00,14.68499994
12.08.2016 12:00:00,15.29499992
12.08.2016 13:00:00,16.22166729
12.08.2016 14:00:00,17.125
12.08.2016 15:00:00,17.88666693
12.08.2016 16:00:00,17.67166678
12.08.2016 17:00:00,18.13333384
12.08.2016 18:00:00,18.53000005
12.08.2016 19:00:00,17.67333349
12.08.2016 20:00:00,17.02666664
12.08.2016 21:00:00,17.14166641
12.08.2016 22:00:00,16.79333337
12.08.2016 23:00:00,16.52166653
13.08.2016 00:00:00,16.37166659
13.08.2016 01:00:00,16.05499967
13.08.2016 02:00:00,15.33166663
13.08.2016 03:00:00,14.7233332
13.08.2016 04:00:00,14.02499994
13.08.2016 05:00:00,14.16833337
13.08.2016 06:00:00,15.38166682
13.08.2016 07:00:00,17.63333352
13.08.2016 08:00:00,20.31500022
13.08.2016 09:00:00,21.41166687
13.08.2016 10:00:00,22.37999948
13.08.2016 11:00:00,23.70666695
13.08.2016 12:00:00,24.72666645
13.08.2016 13:00:00,25.49166711
13.08.2016 14:00:00,26.0049998
13.08.2016 15:00:00,26.33500036
13.08.2016 16:00:00,26.72500006
13.08.2016 17:00:00,26.52833335
13.08.2016 18:00:00,25.97333304
13.08.2016 19:00:00,24.15500005
13.08.2016 20:00:00,22.03500017
13.08.2016 21:00:00,21.12833341
13.08.2016 22:00:00,20.50666618
13.08.2016 23:00:00,18.79833317
14.08.2016 00:00:00,17.93000031
14.08.2016 01:00:00,17.23499997
14.08.2016 02:00:00,16.04333321
14.08.2016 03:00:00,15.47500006
14.08.2016 04:00:00,14.52166653
14.08.2016 05:00:00,13.77166669
14.08.2016 06:00:00,14.87166675
14.08.2016 07:00:00,16.70166683
14.08.2016 08:00:00,19.26333364
14.08.2016 09:00:00,20.91666667
14.08.2016 10:00:00,21.04666678
14.08.2016 11:00:00,21.42833296
14.08.2016 12:00:00,22.39500014
14.08.2016 13:00:00,23.17000008
14.08.2016 14:00:00,22.58166663
14.08.2016 15:00:00,22.33166663
14.08.2016 16:00:00,22.33666643
14.08.2016 17:00:00,22.43166669
14.08.2016 18:00:00,21.42166678
14.08.2016 19:00:00,20.6266667
14.08.2016 20:00:00,19.75333309
14.08.2016 21:00:00,18.36499977
14.08.2016 22:00:00,16.81166649
14.08.2016 23:00:00,15.88666677
15.08.2016 00:00:00,15.23166672
15.08.2016 01:00:00,14.37166675
15.08.2016 02:00:00,13.86499993
15.08.2016 03:00:00,12.95833333
15.08.2016 04:00:00,13.23166656
15.08.2016 05:00:00,13.00999991
15.08.2016 06:00:00,13.28833342
15.08.2016 07:00:00,14.63500007
15.08.2016 08:00:00,16.27999989
15.08.2016 09:00:00,17.42666626
15.08.2016 10:00:00,18.43666617
15.08.2016 11:00:00,19.33999983
15.08.2016 12:00:00,20.5666666
15.08.2016 13:00:00,20.58333302
15.08.2016 14:00:00,20.85666656
15.08.2016 15:00:00,20.58000024
15.08.2016 16:00:00,20.32833354
15.08.2016 17:00:00,20.28499985
15.08.2016 18:00:00,19.66666667
15.08.2016 19:00:00,18.58666674
15.08.2016 20:00:00,17.70666663
15.08.2016 21:00:00,17.23333295
15.08.2016 22:00:00,15.88333337
15.08.2016 23:00:00,14.50666682
16.08.2016 00:00:00,13.44666656
16.08.2016 01:00:00,12.32666651
16.08.2016 02:00:00,11.57499997
16.08.2016 03:00:00,11.2899998
16.08.2016 04:00:00,10.55999994
16.08.2016 05:00:00,9.890000184
16.08.2016 06:00:00,11.17833312
16.08.2016 07:00:00,12.97000011
16.08.2016 08:00:00,15.70666695
16.08.2016 09:00:00,17.91333326
16.08.2016 10:00:00,19.67166678
16.08.2016 11:00:00,20.23666636
16.08.2016 12:00:00,20.76500003
16.08.2016 13:00:00,20.64999994
16.08.2016 14:00:00,20.74499989
16.08.2016 15:00:00,20.88333321
16.08.2016 16:00:00,20.91166655
16.08.2016 17:00:00,20.9333334
16.08.2016 18:00:00,20.31333383
16.08.2016 19:00:00,19.03000005
16.08.2016 20:00:00,18.19166692
16.08.2016 21:00:00,16.48000002
16.08.2016 22:00:00,15.58333333
16.08.2016 23:00:00,15.94500017
17.08.2016 00:00:00,14.96500015
17.08.2016 01:00:00,14.02499994
17.08.2016 02:00:00,13.04499992
17.08.2016 03:00:00,11.61333323
17.08.2016 04:00:00,10.9066666
17.08.2016 05:00:00,10.4066666
17.08.2016 06:00:00,10.3149999
17.08.2016 07:00:00,10.39833339
17.08.2016 08:00:00,11.22500022
17.08.2016 09:00:00,11.83000008
17.08.2016 10:00:00,14.10999982
17.08.2016 11:00:00,15.9600002
17.08.2016 12:00:00,17.04499976
17.08.2016 13:00:00,17.54166667
17.08.2016 14:00:00,18.375
17.08.2016 15:00:00,18.65166632
17.08.2016 16:00:00,18.93166637
17.08.2016 17:00:00,18.96000004
17.08.2016 18:00:00,18.4150006
17.08.2016 19:00:00,17.01000023
17.08.2016 20:00:00,15.72666677
17.08.2016 21:00:00,14.46999979
17.08.2016 22:00:00,12.72166697
17.08.2016 23:00:00,11.69833326
18.08.2016 00:00:00,10.41333326
18.08.2016 01:00:00,9.476666609
18.08.2016 02:00:00,8.50666666
18.08.2016 03:00:00,7.886666695
18.08.2016 04:00:00,7.458333413
18.08.2016 05:00:00,6.981666724
18.08.2016 06:00:00,8.226666609
18.08.2016 07:00:00,10.22833331
18.08.2016 08:00:00,13.38666662
18.08.2016 09:00:00,16.59833384
18.08.2016 10:00:00,17.86500009
18.08.2016 11:00:00,19.60166677
18.08.2016 12:00:00,21.33833345
18.08.2016 13:00:00,22.03333346
18.08.2016 14:00:00,22.73499997
18.08.2016 15:00:00,23.39333312
18.08.2016 16:00:00,23.39999994
18.08.2016 17:00:00,23.71500015
18.08.2016 18:00:00,23.16833305
18.08.2016 19:00:00,21.0666666
18.08.2016 20:00:00,18.8733333
18.08.2016 21:00:00,16.96000036
18.08.2016 22:00:00,15.13666662
18.08.2016 23:00:00,13.61833318
19.08.2016 00:00:00,12.4066666
19.08.2016 01:00:00,11.83166679
19.08.2016 02:00:00,10.64999994
19.08.2016 03:00:00,9.821666559
19.08.2016 04:00:00,9.296666622
19.08.2016 05:00:00,9.571666559
19.08.2016 06:00:00,10.9983333
19.08.2016 07:00:00,13.16166671
19.08.2016 08:00:00,16.38833332
19.08.2016 09:00:00,19.0483338
19.08.2016 10:00:00,21.50333341
19.08.2016 11:00:00,23.70833333
19.08.2016 12:00:00,24.86666711
19.08.2016 13:00:00,25.28333346
19.08.2016 14:00:00,25.07166672
19.08.2016 15:00:00,25.35666688
19.08.2016 16:00:00,25.82666683
19.08.2016 17:00:00,25.5116663
19.08.2016 18:00:00,25.15166664
19.08.2016 19:00:00,23.83333333
19.08.2016 20:00:00,22.38833364
19.08.2016 21:00:00,20.74333286
19.08.2016 22:00:00,19.54666678
19.08.2016 23:00:00,18.34333293
20.08.2016 00:00:00,17.68666681
20.08.2016 01:00:00,17.37833309
20.08.2016 02:00:00,17.12666702
20.08.2016 03:00:00,16.56166681
20.08.2016 04:00:00,15.72833316
20.08.2016 05:00:00,15.65499989
20.08.2016 06:00:00,16.10333331
20.08.2016 07:00:00,16.58500036
20.08.2016 08:00:00,17.47000027
20.08.2016 09:00:00,19.55333328
20.08.2016 10:00:00,22.4883337
20.08.2016 11:00:00,24.4983333
20.08.2016 12:00:00,25.43333308
20.08.2016 13:00:00,25.69333331
20.08.2016 14:00:00,25.45166651
20.08.2016 15:00:00,24.79166698
20.08.2016 16:00:00,23.53833357
20.08.2016 17:00:00,21.01666705
20.08.2016 18:00:00,20.54666646
20.08.2016 19:00:00,19.83500004
20.08.2016 20:00:00,19.23666668
20.08.2016 21:00:00,17.50166702
20.08.2016 22:00:00,17.09166622
20.08.2016 23:00:00,16.68666649
21.08.2016 00:00:00,16.66499996
21.08.2016 01:00:00,16.20666695
21.08.2016 02:00:00,15.67000008
21.08.2016 03:00:00,15.44999997
21.08.2016 04:00:00,14.65499989
21.08.2016 05:00:00,14.1533335
21.08.2016 06:00:00,14.46999995
21.08.2016 07:00:00,16.51666673
21.08.2016 08:00:00,16.32500013
21.08.2016 09:00:00,17.92999967
21.08.2016 10:00:00,20.29666646
21.08.2016 11:00:00,20.89000003
21.08.2016 12:00:00,21.11499977
21.08.2016 13:00:00,21.31833299
21.08.2016 14:00:00,19.96333377
21.08.2016 15:00:00,19.82999961
21.08.2016 16:00:00,19.81333351
21.08.2016 17:00:00,19.53999996
21.08.2016 18:00:00,18.2016662
21.08.2016 19:00:00,16.53999996
21.08.2016 20:00:00,15.54999987
21.08.2016 21:00:00,15.02333323
21.08.2016 22:00:00,14.5283335
21.08.2016 23:00:00,14.68499994
22.08.2016 00:00:00,14.26499987
22.08.2016 01:00:00,13.92333333
22.08.2016 02:00:00,13.98333327
22.08.2016 03:00:00,13.93833335
22.08.2016 04:00:00,14.24666643
22.08.2016 05:00:00,14.29166667
22.08.2016 06:00:00,14.50500011
22.08.2016 07:00:00,15.66499996
22.08.2016 08:00:00,17.02000014
22.08.2016 09:00:00,18.31999969
22.08.2016 10:00:00,19.18833319
22.08.2016 11:00:00,19.65166696
22.08.2016 12:00:00,20.14999994
22.08.2016 13:00:00,21.41333357
22.08.2016 14:00:00,21.96166674
22.08.2016 15:00:00,22.11833382
22.08.2016 16:00:00,22.13833332
22.08.2016 17:00:00,22.01666673
22.08.2016 18:00:00,21.02833303
22.08.2016 19:00:00,19.68666681
22.08.2016 20:00:00,19.12166659
22.08.2016 21:00:00,18.97666677
22.08.2016 22:00:00,18.4350001
22.08.2016 23:00:00,17.65166664
23.08.2016 00:00:00,17.84833336
23.08.2016 01:00:00,17.51666673
23.08.2016 02:00:00,17.29833349
23.08.2016 03:00:00,17.44333331
23.08.2016 04:00:00,16.85166645
23.08.2016 05:00:00,16.08499988
23.08.2016 06:00:00,16.68499978
23.08.2016 07:00:00,18.3083334
23.08.2016 08:00:00,21.14333375
23.08.2016 09:00:00,23.1133337
23.08.2016 10:00:00,23.77666664
23.08.2016 11:00:00,24.60999997
23.08.2016 12:00:00,25.53333314
23.08.2016 13:00:00,26.19333331
23.08.2016 14:00:00,26.37666702
23.08.2016 15:00:00,26.4983333
23.08.2016 16:00:00,26.7566665
23.08.2016 17:00:00,25.59500027
23.08.2016 18:00:00,25.09499995
23.08.2016 19:00:00,23.83333302
23.08.2016 20:00:00,22.59833336
23.08.2016 21:00:00,21.65999985
23.08.2016 22:00:00,20.38333321
23.08.2016 23:00:00,19.20166715
24.08.2016 00:00:00,18.45500024
24.08.2016 01:00:00,17.30833308
24.08.2016 02:00:00,16.54499976
24.08.2016 03:00:00,15.81666644
24.08.2016 04:00:00,14.76000007
24.08.2016 05:00:00,14.43333356
24.08.2016 06:00:00,16.21499999
24.08.2016 07:00:00,17.94166629
24.08.2016 08:00:00,21.1833334
24.08.2016 09:00:00,23.77666664
24.08.2016 10:00:00,25.79333305
24.08.2016 11:00:00,27.08666643
24.08.2016 12:00:00,27.82666715
24.08.2016 13:00:00,28.65499973
24.08.2016 14:00:00,29.40333366
24.08.2016 15:00:00,29.69833342
24.08.2016 16:00:00,29.48499966
24.08.2016 17:00:00,29.36166668
24.08.2016 18:00:00,28.34666665
24.08.2016 19:00:00,26.63499991
24.08.2016 20:00:00,25.3633337
24.08.2016 21:00:00,24.10333347
24.08.2016 22:00:00,22.54000028
24.08.2016 23:00:00,21.11500009
25.08.2016 00:00:00,19.55333328
25.08.2016 01:00:00,17.47333304
25.08.2016 02:00:00,16.45499992
25.08.2016 03:00:00,15.61000013
25.08.2016 04:00:00,15.05833324
25.08.2016 05:00:00,14.45499992
25.08.2016 06:00:00,16.29499976
25.08.2016 07:00:00,18.56333383
25.08.2016 08:00:00,21.89333344
25.08.2016 09:00:00,24.18833351
25.08.2016 10:00:00,26.99166679
25.08.2016 11:00:00,29.02000014
25.08.2016 12:00:00,29.88333321
25.08.2016 13:00:00,30.92833328
25.08.2016 14:00:00,31.42999967
25.08.2016 15:00:00,31.71000004
25.08.2016 16:00:00,31.79166667
25.08.2016 17:00:00,31.74166648
25.08.2016 18:00:00,30.17500019
25.08.2016 19:00:00,28.38333321
25.08.2016 20:00:00,26.91499996
25.08.2016 21:00:00,25.04333337
25.08.2016 22:00:00,23.92499987
25.08.2016 23:00:00,22.57666651
26.08.2016 00:00:00,21.37666702
26.08.2016 01:00:00,20.27833366
26.08.2016 02:00:00,19.46999963
26.08.2016 03:00:00,17.74666723
26.08.2016 04:00:00,18.00166639
26.08.2016 05:00:00,17.51333332
26.08.2016 06:00:00,18.09166654
26.08.2016 07:00:00,19.53166676
26.08.2016 08:00:00,23.16499996
26.08.2016 09:00:00,25.90833314
26.08.2016 10:00:00,28.00500011
26.08.2016 11:00:00,29.52999973
26.08.2016 12:00:00,31.09500027
26.08.2016 13:00:00,32.46333345
26.08.2016 14:00:00,33.43833288
26.08.2016 15:00:00,34.17333349
26.08.2016 16:00:00,34.26333427
26.08.2016 17:00:00,33.93000031
26.08.2016 18:00:00,32.41833337
26.08.2016 19:00:00,30.83166663
26.08.2016 20:00:00,27.95333354
26.08.2016 21:00:00,25.58833313
26.08.2016 22:00:00,23.70999972
26.08.2016 23:00:00,21.46499952
27.08.2016 00:00:00,20.47333336
27.08.2016 01:00:00,19.69666672
27.08.2016 02:00:00,18.04666678
27.08.2016 03:00:00,18.14166705
27.08.2016 04:00:00,17.59333293
27.08.2016 05:00:00,16.06333335
27.08.2016 06:00:00,17.51166662
27.08.2016 07:00:00,19.25000032
27.08.2016 08:00:00,22.06999969
27.08.2016 09:00:00,23.5066665
27.08.2016 10:00:00,25.65833346
27.08.2016 11:00:00,27.72333368
27.08.2016 12:00:00,29.68166669
27.08.2016 13:00:00,31.111667
27.08.2016 14:00:00,31.91000017
27.08.2016 15:00:00,32.27166684
27.08.2016 16:00:00,32.29333369
27.08.2016 17:00:00,32.02499962
27.08.2016 18:00:00,30.82166672
27.08.2016 19:00:00,29.19166692
27.08.2016 20:00:00,27.89833355
27.08.2016 21:00:00,25.92666626
27.08.2016 22:00:00,23.49333318
27.08.2016 23:00:00,21.34833368
28.08.2016 00:00:00,20.50833321
28.08.2016 01:00:00,19.84500027
28.08.2016 02:00:00,18.20500024
28.08.2016 03:00:00,17.7566665
28.08.2016 04:00:00,17.63000011
28.08.2016 05:00:00,16.49333318
28.08.2016 06:00:00,17.17999967
28.08.2016 07:00:00,19.42500051
28.08.2016 08:00:00,22.32166672
28.08.2016 09:00:00,25.80000019
28.08.2016 10:00:00,29.3233331
28.08.2016 11:00:00,31.9583327
28.08.2016 12:00:00,33.12333298
28.08.2016 13:00:00,33.47666613
28.08.2016 14:00:00,33.21833293
28.08.2016 15:00:00,32.92000008
28.08.2016 16:00:00,31.97666709
28.08.2016 17:00:00,29.88333352
28.08.2016 18:00:00,27.71499983
28.08.2016 19:00:00,25.4933335
28.08.2016 20:00:00,21.2616663
28.08.2016 21:00:00,21.04166667
28.08.2016 22:00:00,21.22500006
28.08.2016 23:00:00,20.59999975
29.08.2016 00:00:00,19.84833368
29.08.2016 01:00:00,19.71666654
29.08.2016 02:00:00,19.96166643
29.08.2016 03:00:00,19.77000014
29.08.2016 04:00:00,19.47666677
29.08.2016 05:00:00,19.4350001
29.08.2016 06:00:00,19.13999971
29.08.2016 07:00:00,20.48833307
29.08.2016 08:00:00,21.4399999
29.08.2016 09:00:00,22.08333333
29.08.2016 10:00:00,22.638333
29.08.2016 11:00:00,23.84166622
29.08.2016 12:00:00,22.79166667
29.08.2016 13:00:00,23.18666649
29.08.2016 14:00:00,23.84833304
29.08.2016 15:00:00,23.06666629
29.08.2016 16:00:00,22.06166649
29.08.2016 17:00:00,21.07500013
29.08.2016 18:00:00,20.61333307
29.08.2016 19:00:00,19.67500019
29.08.2016 20:00:00,19.10833327
29.08.2016 21:00:00,18.57500013
29.08.2016 22:00:00,17.65833314
29.08.2016 23:00:00,17.43499978
30.08.2016 00:00:00,16.82999961
30.08.2016 01:00:00,15.80166658
30.08.2016 02:00:00,15.17666674
30.08.2016 03:00:00,14.54666662
30.08.2016 04:00:00,13.68499994
30.08.2016 05:00:00,12.95333322
30.08.2016 06:00:00,14.01666673
30.08.2016 07:00:00,15.10833343
30.08.2016 08:00:00,15.59666681
30.08.2016 09:00:00,16.41333326
30.08.2016 10:00:00,17.22999986
30.08.2016 11:00:00,18.49500052
30.08.2016 12:00:00,19.18166669
30.08.2016 13:00:00,19.99000009
30.08.2016 14:00:00,20.58833345
30.08.2016 15:00:00,20.76833344
30.08.2016 16:00:00,20.7566665
30.08.2016 17:00:00,20.82999992
30.08.2016 18:00:00,19.986667
30.08.2016 19:00:00,19.01666673
30.08.2016 20:00:00,17.2483333
30.08.2016 21:00:00,15.54166651
30.08.2016 22:00:00,13.94000006
30.08.2016 23:00:00,13.10333331
31.08.2016 00:00:00,11.63166666
31.08.2016 01:00:00,10.62833309
31.08.2016 02:00:00,9.890000184
31.08.2016 03:00:00,9.25666666
31.08.2016 04:00:00,8.484999975
31.08.2016 05:00:00,8.1116666
31.08.2016 06:00:00,9.288333416
31.08.2016 07:00:00,12.02833335
31.08.2016 08:00:00,15.7483333
31.08.2016 09:00:00,18.45166683
31.08.2016 10:00:00,20.63500023
31.08.2016 11:00:00,22.14666684
31.08.2016 12:00:00,23.88666662
31.08.2016 13:00:00,25.10666688
31.08.2016 14:00:00,26.17666658
31.08.2016 15:00:00,26.85166677
31.08.2016 16:00:00,27.14500014
31.08.2016 17:00:00,27.33500004
31.08.2016 18:00:00,25.21666654
31.08.2016 19:00:00,23.00666682
31.08.2016 20:00:00,22.06500022
31.08.2016 21:00:00,21.05500031
31.08.2016 22:00:00,17.78333346
31.08.2016 23:00:00,16.79333337
01.09.2016 00:00:00,15.09666681
01.09.2016 01:00:00,14.79166667
01.09.2016 02:00:00,14.23333327
01.09.2016 03:00:00,14.09499979
01.09.2016 04:00:00,13.43166669
01.09.2016 05:00:00,13.16166655
01.09.2016 06:00:00,13.33166695
01.09.2016 07:00:00,14.00333341
01.09.2016 08:00:00,16.91833305
01.09.2016 09:00:00,19.08333333
01.09.2016 10:00:00,20.12333298
01.09.2016 11:00:00,22.10000038
01.09.2016 12:00:00,23.31500022
01.09.2016 13:00:00,24.74666659
01.09.2016 14:00:00,25.94000022
01.09.2016 15:00:00,26.05166658
01.09.2016 16:00:00,26.01166693
01.09.2016 17:00:00,25.60666688
01.09.2016 18:00:00,24.61499977
01.09.2016 19:00:00,23.12166627
01.09.2016 20:00:00,21.20499992
01.09.2016 21:00:00,19.95166683
01.09.2016 22:00:00,18.45499961
01.09.2016 23:00:00,17.13666662
02.09.2016 00:00:00,16.13833332
02.09.2016 01:00:00,15.15833346
02.09.2016 02:00:00,14.18666665
02.09.2016 03:00:00,13.39166657
02.09.2016 04:00:00,12.83666658
02.09.2016 05:00:00,12.8083334
02.09.2016 06:00:00,12.9333334
02.09.2016 07:00:00,14.92000008
02.09.2016 08:00:00,16.90999985
02.09.2016 09:00:00,18.47166665
02.09.2016 10:00:00,20.70333354
02.09.2016 11:00:00,22.59666665
02.09.2016 12:00:00,23.53666655
02.09.2016 13:00:00,25.02500025
02.09.2016 14:00:00,26.27166653
02.09.2016 15:00:00,26.62833341
02.09.2016 16:00:00,26.71666686
02.09.2016 17:00:00,25.763333
02.09.2016 18:00:00,24.63666693
02.09.2016 19:00:00,22.94999981
02.09.2016 20:00:00,21.0649999
02.09.2016 21:00:00,19.89500014
02.09.2016 22:00:00,18.46666654
02.09.2016 23:00:00,17.32333342
03.09.2016 00:00:00,17.0016667
03.09.2016 01:00:00,16.45166651
03.09.2016 02:00:00,16.55666637
03.09.2016 03:00:00,16.2183334
03.09.2016 04:00:00,15.45333338
03.09.2016 05:00:00,15.10999997
03.09.2016 06:00:00,16.14499982
03.09.2016 07:00:00,16.64166673
03.09.2016 08:00:00,18.21499983
03.09.2016 09:00:00,20.71333313
03.09.2016 10:00:00,23.08166695
03.09.2016 11:00:00,24.02666664
03.09.2016 12:00:00,24.87333298
03.09.2016 13:00:00,25.20833333
03.09.2016 14:00:00,25.60166645
03.09.2016 15:00:00,25.55999978
03.09.2016 16:00:00,25.49999968
03.09.2016 17:00:00,25.46833388
03.09.2016 18:00:00,24.53166644
03.09.2016 19:00:00,22.95833397
03.09.2016 20:00:00,21.46666718
03.09.2016 21:00:00,20.03500017
03.09.2016 22:00:00,18.82833354
03.09.2016 23:00:00,18.13166714
04.09.2016 00:00:00,17.84666634
04.09.2016 01:00:00,17.30666669
04.09.2016 02:00:00,17.04166698
04.09.2016 03:00:00,16.45166651
04.09.2016 04:00:00,16.61166668
04.09.2016 05:00:00,17.09000015
04.09.2016 06:00:00,17.56000042
04.09.2016 07:00:00,18.08666674
04.09.2016 08:00:00,18.96666686
04.09.2016 09:00:00,20.638333
04.09.2016 10:00:00,21.33166631
04.09.2016 11:00:00,17.72999986
04.09.2016 12:00:00,17.24333318
04.09.2016 13:00:00,18.53666655
04.09.2016 14:00:00,20.61666648
04.09.2016 15:00:00,21.24666691
04.09.2016 16:00:00,19.02000014
04.09.2016 17:00:00,16.0916667
04.09.2016 18:00:00,16.1850001
04.09.2016 19:00:00,15.71166674
04.09.2016 20:00:00,15.48333327
04.09.2016 21:00:00,15.61833334
04.09.2016 22:00:00,15.82999992
04.09.2016 23:00:00,15.88333352
05.09.2016 00:00:00,15.2183334
05.09.2016 01:00:00,14.77000014
05.09.2016 02:00:00,14.74166679
05.09.2016 03:00:00,14.67000008
05.09.2016 04:00:00,14.68166669
05.09.2016 05:00:00,14.19000006
05.09.2016 06:00:00,14.3433334
05.09.2016 07:00:00,14.81500022
05.09.2016 08:00:00,13.67166662
05.09.2016 09:00:00,14.59333324
05.09.2016 10:00:00,16.58666627
05.09.2016 11:00:00,17.24333318
05.09.2016 12:00:00,17.44833342
05.09.2016 13:00:00,17.72333368
05.09.2016 14:00:00,18.48000018
05.09.2016 15:00:00,18.39333312
05.09.2016 16:00:00,17.07666683
05.09.2016 17:00:00,16.66666667
05.09.2016 18:00:00,16.84333356
05.09.2016 19:00:00,16.3700002
05.09.2016 20:00:00,16.26500003
05.09.2016 21:00:00,16.34000015
05.09.2016 22:00:00,16.02999989
05.09.2016 23:00:00,15.98333359
06.09.2016 00:00:00,16.02666664
06.09.2016 01:00:00,16.08999968
06.09.2016 02:00:00,15.91666667
06.09.2016 03:00:00,15.8166666
06.09.2016 04:00:00,15.74833314
06.09.2016 05:00:00,15.4983333
06.09.2016 06:00:00,15.39499982
06.09.2016 07:00:00,15.85999997
06.09.2016 08:00:00,16.31666692
06.09.2016 09:00:00,16.66166687
06.09.2016 10:00:00,17.44500001
06.09.2016 11:00:00,18.59333324
06.09.2016 12:00:00,19.20666631
06.09.2016 13:00:00,20.15833346
06.09.2016 14:00:00,20.57000001
06.09.2016 15:00:00,20.95666695
06.09.2016 16:00:00,20.90000025
06.09.2016 17:00:00,20.54166667
06.09.2016 18:00:00,19.42333349
06.09.2016 19:00:00,17.81666629
06.09.2016 20:00:00,16.66166687
06.09.2016 21:00:00,15.68000015
06.09.2016 22:00:00,14.15666676
06.09.2016 23:00:00,13.17833328
07.09.2016 00:00:00,11.93833319
07.09.2016 01:00:00,11.25666666
07.09.2016 02:00:00,10.4983333
07.09.2016 03:00:00,10.05333312
07.09.2016 04:00:00,9.773333232
07.09.2016 05:00:00,9.206666787
07.09.2016 06:00:00,9.210000038
07.09.2016 07:00:00,9.63166666
07.09.2016 08:00:00,13.46833309
07.09.2016 09:00:00,16.82666667
07.09.2016 10:00:00,19.84333324
07.09.2016 11:00:00,21.52166653
07.09.2016 12:00:00,23.22833347
07.09.2016 13:00:00,24.28500017
07.09.2016 14:00:00,24.80999978
07.09.2016 15:00:00,25.26166662
07.09.2016 16:00:00,25.27999973
07.09.2016 17:00:00,25.23500029
07.09.2016 18:00:00,24.0783329
07.09.2016 19:00:00,23.13000011
07.09.2016 20:00:00,21.33166663
07.09.2016 21:00:00,20.18833288
07.09.2016 22:00:00,18.63500023
07.09.2016 23:00:00,17.35666656
08.09.2016 00:00:00,16.36166636
08.09.2016 01:00:00,15.49166679
08.09.2016 02:00:00,15.14666684
08.09.2016 03:00:00,14.20166651
08.09.2016 04:00:00,13.48833338
08.09.2016 05:00:00,12.81333351
08.09.2016 06:00:00,13.01999998
08.09.2016 07:00:00,15.2766668
08.09.2016 08:00:00,17.97499975
08.09.2016 09:00:00,20.56333319
08.09.2016 10:00:00,23.40333366
08.09.2016 11:00:00,25.26999982
08.09.2016 12:00:00,26.46000036
08.09.2016 13:00:00,27.48333327
08.09.2016 14:00:00,27.8149999
08.09.2016 15:00:00,28.23999977
08.09.2016 16:00:00,28.27333355
08.09.2016 17:00:00,27.48666668
08.09.2016 18:00:00,25.6766669
08.09.2016 19:00:00,24.13499959
08.09.2016 20:00:00,22.56666692
08.09.2016 21:00:00,20.96166643
08.09.2016 22:00:00,19.78166676
08.09.2016 23:00:00,18.41333326
09.09.2016 00:00:00,17.61666648
09.09.2016 01:00:00,17.22833347
09.09.2016 02:00:00,16.43166669
09.09.2016 03:00:00,16.33333333
09.09.2016 04:00:00,16.1299998
09.09.2016 05:00:00,16.05333312
09.09.2016 06:00:00,15.55000019
09.09.2016 07:00:00,16.83499956
09.09.2016 08:00:00,20.06666692
09.09.2016 09:00:00,22.45500024
09.09.2016 10:00:00,23.52833303
09.09.2016 11:00:00,24.25
09.09.2016 12:00:00,24.77833271
09.09.2016 13:00:00,25.08499972
09.09.2016 14:00:00,25.5466671
09.09.2016 15:00:00,26.13666662
09.09.2016 16:00:00,26.47333304
09.09.2016 17:00:00,25.61000029
09.09.2016 18:00:00,24.78333314
09.09.2016 19:00:00,22.98333359
09.09.2016 20:00:00,21.04500008
09.09.2016 21:00:00,20.02499994
09.09.2016 22:00:00,18.74166648
09.09.2016 23:00:00,18.0066665
10.09.2016 00:00:00,17.14999962
10.09.2016 01:00:00,15.77166653
10.09.2016 02:00:00,15.17166662
10.09.2016 03:00:00,14.42333333
10.09.2016 04:00:00,14.10833343
10.09.2016 05:00:00,13.79499992
10.09.2016 06:00:00,13.96499999
10.09.2016 07:00:00,15.625
10.09.2016 08:00:00,17.3033336
10.09.2016 09:00:00,19.65333335
10.09.2016 10:00:00,23.02499962
10.09.2016 11:00:00,25.18166701
10.09.2016 12:00:00,26.29333305
10.09.2016 13:00:00,27.62333361
10.09.2016 14:00:00,27.89833323
10.09.2016 15:00:00,28.18666681
10.09.2016 16:00:00,27.66833337
10.09.2016 17:00:00,27.25500011
10.09.2016 18:00:00,25.74166679
10.09.2016 19:00:00,24.16499996
10.09.2016 20:00:00,21.91999976
10.09.2016 21:00:00,20.52833335
10.09.2016 22:00:00,19.07166672
10.09.2016 23:00:00,17.74166679
11.09.2016 00:00:00,16.95499992
11.09.2016 01:00:00,16.1699996
11.09.2016 02:00:00,15.60833327
11.09.2016 03:00:00,15.01500003
11.09.2016 04:00:00,14.35000006
11.09.2016 05:00:00,14.04166651
11.09.2016 06:00:00,14.2183334
11.09.2016 07:00:00,16.41666651
11.09.2016 08:00:00,19.10000038
11.09.2016 09:00:00,20.19500033
11.09.2016 10:00:00,23.90500005
11.09.2016 11:00:00,25.71833293
11.09.2016 12:00:00,27.40499973
11.09.2016 13:00:00,28.26833344
11.09.2016 14:00:00,28.42166678
11.09.2016 15:00:00,28.52833335
11.09.2016 16:00:00,27.88833332
11.09.2016 17:00:00,27.3633337
11.09.2016 18:00:00,26.33333365
11.09.2016 19:00:00,24.36333338
11.09.2016 20:00:00,22.8683335
11.09.2016 21:00:00,21.9350001
11.09.2016 22:00:00,20.75
11.09.2016 23:00:00,19.53666687
12.09.2016 00:00:00,18.34666665
12.09.2016 01:00:00,17.30333328
12.09.2016 02:00:00,16.45333354
12.09.2016 03:00:00,15.71333329
12.09.2016 04:00:00,15.18333324
12.09.2016 05:00:00,14.79500024
12.09.2016 06:00:00,14.63833348
12.09.2016 07:00:00,16.95833349
12.09.2016 08:00:00,18.8816665
12.09.2016 09:00:00,21.05833308
12.09.2016 10:00:00,25.48833338
12.09.2016 11:00:00,28.08833313
12.09.2016 12:00:00,29.71833356
12.09.2016 13:00:00,30.43833351
12.09.2016 14:00:00,30.90999985
12.09.2016 15:00:00,31.14333344
12.09.2016 16:00:00,30.66000017
12.09.2016 17:00:00,29.85166677
12.09.2016 18:00:00,28.48000018
12.09.2016 19:00:00,27.07999992
12.09.2016 20:00:00,25.8683335
12.09.2016 21:00:00,24.9466664
12.09.2016 22:00:00,23.51999982
12.09.2016 23:00:00,21.46666686
13.09.2016 00:00:00,19.39500014
13.09.2016 01:00:00,18.28333346
13.09.2016 02:00:00,17.35499986
13.09.2016 03:00:00,16.29166667
13.09.2016 04:00:00,15.95833349
13.09.2016 05:00:00,15.13666646
13.09.2016 06:00:00,15.1583333
13.09.2016 07:00:00,17.53833326
13.09.2016 08:00:00,19.78666655
13.09.2016 09:00:00,22.47333368
13.09.2016 10:00:00,25.82666651
13.09.2016 11:00:00,28.36499977
13.09.2016 12:00:00,29.52333355
13.09.2016 13:00:00,30.63666693
13.09.2016 14:00:00,31.02166684
13.09.2016 15:00:00,30.74833298
13.09.2016 16:00:00,30.39166673
13.09.2016 17:00:00,29.38333352
13.09.2016 18:00:00,28.10166677
13.09.2016 19:00:00,26.3149999
13.09.2016 20:00:00,25.54999987
13.09.2016 21:00:00,24.09333356
13.09.2016 22:00:00,22.58833345
13.09.2016 23:00:00,20.85666656
14.09.2016 00:00:00,19.27499994
14.09.2016 01:00:00,18.11833318
14.09.2016 02:00:00,17.27833335
14.09.2016 03:00:00,16.51666641
14.09.2016 04:00:00,15.92166662
14.09.2016 05:00:00,15.125
14.09.2016 06:00:00,15.04833333
14.09.2016 07:00:00,16.90999985
14.09.2016 08:00:00,18.95500024
14.09.2016 09:00:00,21.24999968
14.09.2016 10:00:00,24.14999994
14.09.2016 11:00:00,26.05166626
14.09.2016 12:00:00,27.40333366
14.09.2016 13:00:00,28.1783336
14.09.2016 14:00:00,28.45000013
14.09.2016 15:00:00,28.81333351
14.09.2016 16:00:00,28.513333
14.09.2016 17:00:00,27.74000009
14.09.2016 18:00:00,26.49999968
14.09.2016 19:00:00,24.8216664
14.09.2016 20:00:00,23.73666668
14.09.2016 21:00:00,22.71500015
14.09.2016 22:00:00,22.2966671
14.09.2016 23:00:00,21.42833328
15.09.2016 00:00:00,20.22333336
15.09.2016 01:00:00,19.50500011
15.09.2016 02:00:00,18.73333295
15.09.2016 03:00:00,17.5649999
15.09.2016 04:00:00,16.29499992
15.09.2016 05:00:00,15.47666661
15.09.2016 06:00:00,15.17999967
15.09.2016 07:00:00,16.07333358
15.09.2016 08:00:00,18.00333341
15.09.2016 09:00:00,19.75833321
15.09.2016 10:00:00,22.22166697
15.09.2016 11:00:00,24.21500015
15.09.2016 12:00:00,25.54833285
15.09.2016 13:00:00,26.7699995
15.09.2016 14:00:00,27.15333335
15.09.2016 15:00:00,27.1899999
15.09.2016 16:00:00,26.78833326
15.09.2016 17:00:00,25.89666653
15.09.2016 18:00:00,24.51999982
15.09.2016 19:00:00,23.11333338
15.09.2016 20:00:00,22.48333359
15.09.2016 21:00:00,21.4950002
15.09.2016 22:00:00,20.48000018
15.09.2016 23:00:00,19.0049998
16.09.2016 00:00:00,17.96666686
16.09.2016 01:00:00,16.67833328
16.09.2016 02:00:00,15.76000007
16.09.2016 03:00:00,15.18833319
16.09.2016 04:00:00,14.60666672
16.09.2016 05:00:00,14.22666677
16.09.2016 06:00:00,15.02166669
16.09.2016 07:00:00,16.95499992
16.09.2016 08:00:00,18.46666654
16.09.2016 09:00:00,18.6266667
16.09.2016 10:00:00,18.53333346
16.09.2016 11:00:00,18.74499989
16.09.2016 12:00:00,20.17999999
16.09.2016 13:00:00,20.91166655
16.09.2016 14:00:00,21.36333338
16.09.2016 15:00:00,21.2516667
16.09.2016 16:00:00,21.56166649
16.09.2016 17:00:00,20.90833346
16.09.2016 18:00:00,19.86666648
16.09.2016 19:00:00,19.27000014
16.09.2016 20:00:00,19.19333331
16.09.2016 21:00:00,18.67000039
16.09.2016 22:00:00,17.10333316
16.09.2016 23:00:00,15.73166656
17.09.2016 00:00:00,15.42666658
17.09.2016 01:00:00,15.19666672
17.09.2016 02:00:00,15.30500015
17.09.2016 03:00:00,15.34499995
17.09.2016 04:00:00,14.9666667
17.09.2016 05:00:00,14.94833342
17.09.2016 06:00:00,14.82833354
17.09.2016 07:00:00,14.85666672
17.09.2016 08:00:00,14.96833324
17.09.2016 09:00:00,15.19833342
17.09.2016 10:00:00,15.33999999
17.09.2016 11:00:00,15.4149998
17.09.2016 12:00:00,15.58666658
17.09.2016 13:00:00,15.36166668
17.09.2016 14:00:00,14.78166676
17.09.2016 15:00:00,14.72666661
17.09.2016 16:00:00,14.58500004
17.09.2016 17:00:00,14.28666703
17.09.2016 18:00:00,14.42333317
17.09.2016 19:00:00,14.65333335
17.09.2016 20:00:00,14.80000003
17.09.2016 21:00:00,14.9666667
17.09.2016 22:00:00,15.24666659
17.09.2016 23:00:00,15.29833349
18.09.2016 00:00:00,15.14999994
18.09.2016 01:00:00,15.16000001
18.09.2016 02:00:00,14.53666671
18.09.2016 03:00:00,14.43333324
18.09.2016 04:00:00,14.44000006
18.09.2016 05:00:00,14.17999999
18.09.2016 06:00:00,13.70166667
18.09.2016 07:00:00,13.23333327
18.09.2016 08:00:00,12.96666654
18.09.2016 09:00:00,12.98499997
18.09.2016 10:00:00,13.55166674
18.09.2016 11:00:00,14.60333331
18.09.2016 12:00:00,15.31666676
18.09.2016 13:00:00,16.1783336
18.09.2016 14:00:00,16.86666648
18.09.2016 15:00:00,16.92500019
18.09.2016 16:00:00,16.6833334
18.09.2016 17:00:00,15.15333335
18.09.2016 18:00:00,13.42000008
18.09.2016 19:00:00,12.91999992
18.09.2016 20:00:00,12.69833358
18.09.2016 21:00:00,12.56333335
18.09.2016 22:00:00,12.5316666
18.09.2016 23:00:00,12.34333324
19.09.2016 00:00:00,11.79500008
19.09.2016 01:00:00,11.54166667
19.09.2016 02:00:00,11.42833312
19.09.2016 03:00:00,11.26833359
19.09.2016 04:00:00,11.21999979
19.09.2016 05:00:00,11.28166676
19.09.2016 06:00:00,11.52333355
19.09.2016 07:00:00,11.4716665
19.09.2016 08:00:00,11.51333332
19.09.2016 09:00:00,11.48333327
19.09.2016 10:00:00,12.03500001
19.09.2016 11:00:00,13.06166665
19.09.2016 12:00:00,14.13499991
19.09.2016 13:00:00,14.71999995
19.09.2016 14:00:00,15.35333331
19.09.2016 15:00:00,15.66333326
19.09.2016 16:00:00,15.25000016
19.09.2016 17:00:00,14.79333321
19.09.2016 18:00:00,14.16833305
19.09.2016 19:00:00,13.92999999
19.09.2016 20:00:00,13.8416667
19.09.2016 21:00:00,13.7183334
19.09.2016 22:00:00,13.35666656
19.09.2016 23:00:00,13.07499997
20.09.2016 00:00:00,13.11166652
20.09.2016 01:00:00,12.82000001
20.09.2016 02:00:00,12.72166665
20.09.2016 03:00:00,12.29833317
20.09.2016 04:00:00,12.03166644
20.09.2016 05:00:00,12.00333341
20.09.2016 06:00:00,11.53666671
20.09.2016 07:00:00,11.41000001
20.09.2016 08:00:00,12.38166666
20.09.2016 09:00:00,12.57000001
20.09.2016 10:00:00,13.31666676
20.09.2016 11:00:00,14.19999981
20.09.2016 12:00:00,14.48499997
20.09.2016 13:00:00,14.53000005
20.09.2016 14:00:00,14.14499998
20.09.2016 15:00:00,14.43666665
20.09.2016 16:00:00,14.69999997
20.09.2016 17:00:00,14.17000008
20.09.2016 18:00:00,13.87333345
20.09.2016 19:00:00,13.33499988
20.09.2016 20:00:00,12.73666668
20.09.2016 21:00:00,12.14166673
20.09.2016 22:00:00,11.45166667
20.09.2016 23:00:00,10.05166674
21.09.2016 00:00:00,9.083333333
21.09.2016 01:00:00,8.501666546
21.09.2016 02:00:00,7.903333267
21.09.2016 03:00:00,7.254999955
21.09.2016 04:00:00,6.731666644
21.09.2016 05:00:00,5.74333326
21.09.2016 06:00:00,5.355000019
21.09.2016 07:00:00,6.065000057
21.09.2016 08:00:00,7.023333311
21.09.2016 09:00:00,8.251666784
21.09.2016 10:00:00,10.11833318
21.09.2016 11:00:00,13.27166684
21.09.2016 12:00:00,16.16166671
21.09.2016 13:00:00,17.46499983
21.09.2016 14:00:00,17.08833408
21.09.2016 15:00:00,17.46499983
21.09.2016 16:00:00,17.98333359
21.09.2016 17:00:00,17.18833351
21.09.2016 18:00:00,16.00333325
21.09.2016 19:00:00,14.03666687
21.09.2016 20:00:00,12.87833341
21.09.2016 21:00:00,12.14166657
21.09.2016 22:00:00,11.24333334
21.09.2016 23:00:00,10.36500009
22.09.2016 00:00:00,9.393333435
22.09.2016 01:00:00,9.186666648
22.09.2016 02:00:00,8.513333321
22.09.2016 03:00:00,7.693333387
22.09.2016 04:00:00,7.173333327
22.09.2016 05:00:00,6.915000041
22.09.2016 06:00:00,6.693333308
22.09.2016 07:00:00,6.796666622
22.09.2016 08:00:00,7.606666724
22.09.2016 09:00:00,9.971666813
22.09.2016 10:00:00,13.75666682
22.09.2016 11:00:00,17.19000006
22.09.2016 12:00:00,17.95333322
22.09.2016 13:00:00,18.17333349
22.09.2016 14:00:00,18.48499997
22.09.2016 15:00:00,18.52499994
22.09.2016 16:00:00,18.83500004
22.09.2016 17:00:00,18.29500008
22.09.2016 18:00:00,16.67500003
22.09.2016 19:00:00,14.94833342
22.09.2016 20:00:00,13.86166668
22.09.2016 21:00:00,12.89499982
22.09.2016 22:00:00,11.89000003
22.09.2016 23:00:00,11.26999998
23.09.2016 00:00:00,10.80666669
23.09.2016 01:00:00,10.37500016
23.09.2016 02:00:00,9.883333524
23.09.2016 03:00:00,9.600000064
23.09.2016 04:00:00,9.491666476
23.09.2016 05:00:00,9.524999936
23.09.2016 06:00:00,9.521666527
23.09.2016 07:00:00,10.03833342
23.09.2016 08:00:00,12.39666669
23.09.2016 09:00:00,14.87000004
23.09.2016 10:00:00,17.77666664
23.09.2016 11:00:00,19.57833354
23.09.2016 12:00:00,20.01999982
23.09.2016 13:00:00,20.25333373
23.09.2016 14:00:00,20.62833341
23.09.2016 15:00:00,21.14000003
23.09.2016 16:00:00,21.08833377
23.09.2016 17:00:00,19.92833328
23.09.2016 18:00:00,18.86666616
23.09.2016 19:00:00,16.03333346
23.09.2016 20:00:00,14.59499995
23.09.2016 21:00:00,13.21333313
23.09.2016 22:00:00,12.10999997
23.09.2016 23:00:00,11.00333325
24.09.2016 00:00:00,10.2183334
24.09.2016 01:00:00,9.796666463
24.09.2016 02:00:00,9.306666692
24.09.2016 03:00:00,8.748333295
24.09.2016 04:00:00,8.569999854
24.09.2016 05:00:00,8.363333305
24.09.2016 06:00:00,7.648333311
24.09.2016 07:00:00,8.906666676
24.09.2016 08:00:00,11.47333352
24.09.2016 09:00:00,13.5
24.09.2016 10:00:00,16.17666674
24.09.2016 11:00:00,18.17833328
24.09.2016 12:00:00,19.48166656
24.09.2016 13:00:00,20.07499981
24.09.2016 14:00:00,20.78666655
24.09.2016 15:00:00,21.34499995
24.09.2016 16:00:00,20.67166678
24.09.2016 17:00:00,19.47833347
24.09.2016 18:00:00,18.08833345
24.09.2016 19:00:00,16.41499964
24.09.2016 20:00:00,14.9683334
24.09.2016 21:00:00,13.87999996
24.09.2016 22:00:00,13.33333317
24.09.2016 23:00:00,12.04999987
25.09.2016 00:00:00,10.76166677
25.09.2016 01:00:00,10.39000003
25.09.2016 02:00:00,9.818333467
25.09.2016 03:00:00,9.125000159
25.09.2016 04:00:00,8.476666451
25.09.2016 05:00:00,7.928333521
25.09.2016 06:00:00,7.23333327
25.09.2016 07:00:00,7.333333333
25.09.2016 08:00:00,9.498333295
25.09.2016 09:00:00,13.05999978
25.09.2016 10:00:00,16.25
25.09.2016 11:00:00,19.07499949
25.09.2016 12:00:00,20.57833322
25.09.2016 13:00:00,21.29833349
25.09.2016 14:00:00,22.18000031
25.09.2016 15:00:00,22.2516667
25.09.2016 16:00:00,21.53833357
25.09.2016 17:00:00,20.86333338
25.09.2016 18:00:00,18.93833319
25.09.2016 19:00:00,17.45166683
25.09.2016 20:00:00,15.63500007
25.09.2016 21:00:00,14.34833336
25.09.2016 22:00:00,13.19833342
25.09.2016 23:00:00,12.39833355
26.09.2016 00:00:00,11.75499996
26.09.2016 01:00:00,11.10000006
26.09.2016 02:00:00,10.67666674
26.09.2016 03:00:00,10.57666651
26.09.2016 04:00:00,9.795000076
26.09.2016 05:00:00,9.295000076
26.09.2016 06:00:00,8.969999949
26.09.2016 07:00:00,10.37166675
26.09.2016 08:00:00,12.4683334
26.09.2016 09:00:00,13.07166688
26.09.2016 10:00:00,13.64999994
26.09.2016 11:00:00,14.76166662
26.09.2016 12:00:00,16.00833337
26.09.2016 13:00:00,16.60833327
26.09.2016 14:00:00,17.31833299
26.09.2016 15:00:00,17.63499991
26.09.2016 16:00:00,17.375
26.09.2016 17:00:00,17.34499963
26.09.2016 18:00:00,16.97000027
26.09.2016 19:00:00,16.32500013
26.09.2016 20:00:00,16.14500014
26.09.2016 21:00:00,15.74000009
26.09.2016 22:00:00,15.45166683
26.09.2016 23:00:00,14.46166674
27.09.2016 00:00:00,13.77166669
27.09.2016 01:00:00,13.29499992
27.09.2016 02:00:00,13.29333337
27.09.2016 03:00:00,12.96999995
27.09.2016 04:00:00,12.66000001
27.09.2016 05:00:00,12.48833338
27.09.2016 06:00:00,12.0333333
27.09.2016 07:00:00,12.25500011
27.09.2016 08:00:00,12.92833344
27.09.2016 09:00:00,14.55000003
27.09.2016 10:00:00,16.85499986
27.09.2016 11:00:00,18.15500005
27.09.2016 12:00:00,19.08499972
27.09.2016 13:00:00,19.47999954
27.09.2016 14:00:00,20.69333331
27.09.2016 15:00:00,21.35166677
27.09.2016 16:00:00,20.54666646
27.09.2016 17:00:00,19.57833354
27.09.2016 18:00:00,18.10999997
27.09.2016 19:00:00,16.6266667
27.09.2016 20:00:00,15.52666664
27.09.2016 21:00:00,14.40166696
27.09.2016 22:00:00,13.45333306
27.09.2016 23:00:00,12.19666672
28.09.2016 00:00:00,11.71999995
28.09.2016 01:00:00,11.36166668
28.09.2016 02:00:00,11.01833344
28.09.2016 03:00:00,10.64000003
28.09.2016 04:00:00,10.14499998
28.09.2016 05:00:00,10.00833321
28.09.2016 06:00:00,9.755000273
28.09.2016 07:00:00,10.16000017
28.09.2016 08:00:00,12.86999989
28.09.2016 09:00:00,17.97166634
28.09.2016 10:00:00,19.8799998
28.09.2016 11:00:00,20.16166655
28.09.2016 12:00:00,20.85166645
28.09.2016 13:00:00,20.94333331
28.09.2016 14:00:00,21.03833326
28.09.2016 15:00:00,20.56166681
28.09.2016 16:00:00,19.85333379
28.09.2016 17:00:00,19.41333326
28.09.2016 18:00:00,18.82500013
28.09.2016 19:00:00,18.29666678
28.09.2016 20:00:00,17.43833351
28.09.2016 21:00:00,17.0516669
28.09.2016 22:00:00,16.8683335
28.09.2016 23:00:00,16.72333368
29.09.2016 00:00:00,16.0983332
29.09.2016 01:00:00,15.41333357
29.09.2016 02:00:00,14.72500006
29.09.2016 03:00:00,14.7233332
29.09.2016 04:00:00,15.19999997
29.09.2016 05:00:00,14.60333331
29.09.2016 06:00:00,14.24500004
29.09.2016 07:00:00,14.76833359
29.09.2016 08:00:00,16.94000006
29.09.2016 09:00:00,18.85500018
29.09.2016 10:00:00,20.4950002
29.09.2016 11:00:00,21.9466664
29.09.2016 12:00:00,22.98500029
29.09.2016 13:00:00,23.31833331
29.09.2016 14:00:00,23.63999971
29.09.2016 15:00:00,23.91833305
29.09.2016 16:00:00,23.42999999
29.09.2016 17:00:00,22.53333314
29.09.2016 18:00:00,21.39333344
29.09.2016 19:00:00,20.34666665
29.09.2016 20:00:00,19.87333298
29.09.2016 21:00:00,19.72999986
29.09.2016 22:00:00,19.00833352
29.09.2016 23:00:00,17.58499972
30.09.2016 00:00:00,16.73166688
30.09.2016 01:00:00,16.47833316
30.09.2016 02:00:00,15.94333347
30.09.2016 03:00:00,15.78000005
30.09.2016 04:00:00,15.51833328
30.09.2016 05:00:00,15.74666659
30.09.2016 06:00:00,15.25000032
30.09.2016 07:00:00,14.84000015
30.09.2016 08:00:00,14.96000004
30.09.2016 09:00:00,15.37833341
30.09.2016 10:00:00,15.83666658
30.09.2016 11:00:00,16.22000027
30.09.2016 12:00:00,16.61833382
30.09.2016 13:00:00,14.84333372
30.09.2016 14:00:00,13.79999987
30.09.2016 15:00:00,13.71000004
30.09.2016 16:00:00,12.92999999
30.09.2016 17:00:00,13.05833324
30.09.2016 18:00:00,13.0333333
30.09.2016 19:00:00,12.38833316
30.09.2016 20:00:00,11.75499996
30.09.2016 21:00:00,11.41833337
30.09.2016 22:00:00,10.48333343
30.09.2016 23:00:00,10.24499989
01.10.2016 00:00:00,10.02999973
